{
    "openapi": "3.0.0",
    "info": {
        "title": "API's Xlearn",
        "version": "1.0"
    },
    "servers": [
        {
            "url": "http://127.0.0.1:8000"
        }
    ],
    "paths": {
        "/api/v1/countries": {
            "get": {
                "tags": [
                    "Countries"
                ],
                "summary": "Mostrar Paises",
                "operationId": "6c92b3465f1bd90ec648c57e85c6ac53",
                "responses": {
                    "200": {
                        "description": "Mostrar todos los paises."
                    }
                },
                "security": [
                    {
                        "bearer_token": []
                    }
                ]
            }
        },
        "/api/v1/login": {
            "post": {
                "tags": [
                    "Auth"
                ],
                "summary": "Ingreso de usuarios",
                "operationId": "eabe0c74bd6109f926162392ae2fdd03",
                "parameters": [
                    {
                        "name": "email",
                        "in": "query",
                        "schema": {
                            "type": "string"
                        }
                    },
                    {
                        "name": "password",
                        "in": "query",
                        "schema": {
                            "type": "password"
                        }
                    }
                ],
                "responses": {
                    "200": {
                        "description": "Success.",
                        "content": {
                            "application/json": {
                                "schema": {
                                    "example": {
                                        "message": "Acceso correcto",
                                        "token": "",
                                        "datosUsuario": {
                                            "name": "",
                                            "email": "",
                                            "phone": ""
                                        }
                                    }
                                }
                            }
                        }
                    },
                    "500": {
                        "description": "Failed",
                        "content": {
                            "application/json": {
                                "schema": {
                                    "example": {
                                        "message": "Mensaje de error"
                                    }
                                }
                            }
                        }
                    }
                },
                "security": [
                    {
                        "bearer_token": []
                    }
                ]
            }
        },
        "/api/v1/register_requests/list": {
            "get": {
                "tags": [
                    "Register request"
                ],
                "summary": "Mostrar solicitudes de registro",
                "operationId": "936e415f074f7a3c5d8f27ef0641c65f",
                "parameters": [
                    {
                        "name": "offset",
                        "in": "query",
                        "schema": {
                            "type": "number"
                        }
                    },
                    {
                        "name": "limit",
                        "in": "query",
                        "schema": {
                            "type": "number"
                        }
                    }
                ],
                "responses": {
                    "200": {
                        "description": "Mostrar todas los solicitudes."
                    },
                    "500": {
                        "description": "Failed",
                        "content": {
                            "application/json": {
                                "schema": {
                                    "example": {
                                        "message": "Mensaje de error"
                                    }
                                }
                            }
                        }
                    }
                },
                "security": [
                    {
                        "bearer_token": []
                    }
                ]
            }
        },
        "/api/v1/register_requests/store": {
            "post": {
                "tags": [
                    "Register request"
                ],
                "summary": "Crear solicitudes de registro",
                "operationId": "1ba777f1c5f4b36ad97e4f280d9843ab",
                "parameters": [
                    {
                        "name": "name",
                        "in": "query",
                        "required": true,
                        "schema": {
                            "type": "string"
                        }
                    },
                    {
                        "name": "lastname",
                        "in": "query",
                        "required": true,
                        "schema": {
                            "type": "string"
                        }
                    },
                    {
                        "name": "company",
                        "in": "query",
                        "required": true,
                        "schema": {
                            "type": "string"
                        }
                    },
                    {
                        "name": "email",
                        "in": "query",
                        "required": true,
                        "schema": {
                            "type": "string"
                        }
                    },
                    {
                        "name": "website",
                        "in": "query",
                        "required": true,
                        "schema": {
                            "type": "string"
                        }
                    },
                    {
                        "name": "size",
                        "in": "query",
                        "required": true,
                        "schema": {
                            "type": "string"
                        }
                    },
                    {
                        "name": "country",
                        "in": "query",
                        "required": true,
                        "schema": {
                            "type": "number"
                        }
                    },
                    {
                        "name": "content",
                        "in": "query",
                        "required": true,
                        "schema": {
                            "type": "string"
                        }
                    },
                    {
                        "name": "plan_id",
                        "in": "query",
                        "required": true,
                        "schema": {
                            "type": "number"
                        }
                    },
                    {
                        "name": "quotas",
                        "in": "query",
                        "required": true,
                        "schema": {
                            "type": "number"
                        }
                    },
                    {
                        "name": "observation",
                        "in": "query",
                        "schema": {
                            "type": "string"
                        }
                    }
                ],
                "responses": {
                    "200": {
                        "description": "Success.",
                        "content": {
                            "application/json": {
                                "schema": {
                                    "example": {
                                        "message": "Registro almacenado con éxito."
                                    }
                                }
                            }
                        }
                    },
                    "500": {
                        "description": "Failed",
                        "content": {
                            "application/json": {
                                "schema": {
                                    "example": {
                                        "message": "Mensaje de error"
                                    }
                                }
                            }
                        }
                    }
                },
                "security": [
                    {
                        "bearer_token": []
                    }
                ]
            }
        },
        "/api/v1/register_requests/edit/{{id}}": {
            "put": {
                "tags": [
                    "Register request"
                ],
                "summary": "Actualizar solicitudes de registro",
                "operationId": "d7cdb5f06400ee91131981daff3b4a85",
                "parameters": [
                    {
                        "name": "name",
                        "in": "query",
                        "required": true,
                        "schema": {
                            "type": "string"
                        }
                    },
                    {
                        "name": "lastname",
                        "in": "query",
                        "required": true,
                        "schema": {
                            "type": "string"
                        }
                    },
                    {
                        "name": "company",
                        "in": "query",
                        "required": true,
                        "schema": {
                            "type": "string"
                        }
                    },
                    {
                        "name": "email",
                        "in": "query",
                        "required": true,
                        "schema": {
                            "type": "string"
                        }
                    },
                    {
                        "name": "website",
                        "in": "query",
                        "required": true,
                        "schema": {
                            "type": "string"
                        }
                    },
                    {
                        "name": "size",
                        "in": "query",
                        "required": true,
                        "schema": {
                            "type": "string"
                        }
                    },
                    {
                        "name": "country",
                        "in": "query",
                        "required": true,
                        "schema": {
                            "type": "number"
                        }
                    },
                    {
                        "name": "content",
                        "in": "query",
                        "required": true,
                        "schema": {
                            "type": "string"
                        }
                    },
                    {
                        "name": "plan_id",
                        "in": "query",
                        "required": true,
                        "schema": {
                            "type": "number"
                        }
                    },
                    {
                        "name": "quotas",
                        "in": "query",
                        "required": true,
                        "schema": {
                            "type": "number"
                        }
                    },
                    {
                        "name": "observation",
                        "in": "query",
                        "schema": {
                            "type": "string"
                        }
                    }
                ],
                "responses": {
                    "200": {
                        "description": "Success.",
                        "content": {
                            "application/json": {
                                "schema": {
                                    "example": {
                                        "message": "Registro actualizado con éxito."
                                    }
                                }
                            }
                        }
                    },
                    "500": {
                        "description": "Failed",
                        "content": {
                            "application/json": {
                                "schema": {
                                    "example": {
                                        "message": "Mensaje de error"
                                    }
                                }
                            }
                        }
                    }
                },
                "security": [
                    {
                        "bearer_token": []
                    }
                ]
            }
        },
        "/api/v1/user/store": {
            "post": {
                "tags": [
                    "Users"
                ],
                "summary": "Crear usuarios",
                "operationId": "3a8979d7a0af6bed1d61687f1788c6b5",
                "parameters": [
                    {
                        "name": "email",
                        "in": "query"
                    }
                ],
                "responses": {
                    "200": {
                        "description": "Success.",
                        "content": {
                            "application/json": {
                                "schema": {
                                    "example": {
                                        "message": "Registro almacenado con éxito."
                                    }
                                }
                            }
                        }
                    },
                    "500": {
                        "description": "Failed",
                        "content": {
                            "application/json": {
                                "schema": {
                                    "example": {
                                        "message": "Mensaje de error"
                                    }
                                }
                            }
                        }
                    }
                },
                "security": [
                    {
                        "bearer_token": []
                    }
                ]
            }
        },
        "/api/v1/user/list": {
            "get": {
                "tags": [
                    "Users"
                ],
                "summary": "Mostrar usuarios",
                "operationId": "564a4398f7da5993c9e7719e6cd39305",
                "parameters": [
                    {
                        "name": "offset",
                        "in": "query",
                        "schema": {
                            "type": "number"
                        }
                    },
                    {
                        "name": "limit",
                        "in": "query",
                        "schema": {
                            "type": "number"
                        }
                    }
                ],
                "responses": {
                    "200": {
                        "description": "Mostrar todos los usuarios.",
                        "content": {
                            "application/json": {
                                "schema": {
                                    "example": {
                                        "response": {
                                            "hc:length": 0,
                                            "hc:total": 0,
                                            "hc:offset": 0,
                                            "hc:limit": 0,
                                            "hc:next": "next page end-point ",
                                            "hc:previous": "previous page end-point ",
                                            "_rel": "users",
                                            "_embedded": {
                                                "users": [
                                                    {
                                                        "id": 0,
                                                        "name": "",
                                                        "lastname": "",
                                                        "company": "",
                                                        "email": "",
                                                        "website": "",
                                                        "size": 0,
                                                        "country_id": 0,
                                                        "content": "",
                                                        "plan_id": 0,
                                                        "quotas": 0,
                                                        "observation": "",
                                                        "created_at": "2022-06-11T23:21:42.000000Z",
                                                        "updated_at": "2022-06-12T00:46:06.000000Z",
                                                        "countries": {
                                                            "id": 0,
                                                            "name": ""
                                                        }
                                                    }
                                                ]
                                            }
                                        }
                                    }
                                }
                            }
                        }
                    },
                    "500": {
                        "description": "Failed",
                        "content": {
                            "application/json": {
                                "schema": {
                                    "example": {
                                        "message": "Mensaje de error"
                                    }
                                }
                            }
                        }
                    }
                },
                "security": [
                    {
                        "bearer_token": []
                    }
                ]
            }
        }
    },
    "components": {
        "securitySchemes": {
            "bearer_token": {
                "type": "apiKey",
                "description": "Enter token in format (Bearer <token>)",
                "name": "Authorization",
                "in": "header"
            }
        }
    }
}